{"cameraMode":{"drawMode":0,"name":"Shaded","section":"Shading Mode"},"sceneLighting":true,"audioPlay":false,"sceneViewState":{"m_AlwaysRefresh":false,"showFog":true,"showSkybox":true,"showFlares":true,"showImageEffects":true,"showParticleSystems":true,"showVisualEffectGraphs":true,"m_FxEnabled":true},"in2DMode":false,"pivot":{"x":17.775354385375978,"y":14.283500671386719,"z":-40.32975387573242},"rotation":{"x":-0.10588905215263367,"y":0.11517644673585892,"z":-0.012348964810371399,"w":-0.9876061677932739},"size":-0.003587876446545124,"orthographic":false}